2130,http://imagearchives.esac.esa.int/data_raw/ROSETTA/NAVCAM/RO-X-NAVCAM-2-PRL-COM-V1.0/DATA/CAM1/ROS_CAM1_20140223T081016F.FIT
2131,http://imagearchives.esac.esa.int/data_raw/ROSETTA/NAVCAM/RO-X-NAVCAM-2-PRL-COM-V1.0/DATA/CAM1/ROS_CAM1_20140223T081516F.FIT
2132,http://imagearchives.esac.esa.int/data_raw/ROSETTA/NAVCAM/RO-X-NAVCAM-2-PRL-COM-V1.0/DATA/CAM1/ROS_CAM1_20140223T082016F.FIT
2133,http://imagearchives.esac.esa.int/data_raw/ROSETTA/NAVCAM/RO-X-NAVCAM-2-PRL-COM-V1.0/DATA/CAM1/ROS_CAM1_20140327T171904F.FIT
2134,http://imagearchives.esac.esa.int/data_raw/ROSETTA/NAVCAM/RO-X-NAVCAM-2-PRL-COM-V1.0/DATA/CAM1/ROS_CAM1_20140327T172504F.FIT
2135,http://imagearchives.esac.esa.int/data_raw/ROSETTA/NAVCAM/RO-X-NAVCAM-2-PRL-COM-V1.0/DATA/CAM1/ROS_CAM1_20140327T173100F.FIT
2136,http://imagearchives.esac.esa.int/data_raw/ROSETTA/NAVCAM/RO-X-NAVCAM-2-PRL-COM-V1.0/DATA/CAM1/ROS_CAM1_20140327T173204F.FIT
2137,http://imagearchives.esac.esa.int/data_raw/ROSETTA/NAVCAM/RO-X-NAVCAM-2-PRL-COM-V1.0/DATA/CAM1/ROS_CAM1_20140430T031904F.FIT
2138,http://imagearchives.esac.esa.int/data_raw/ROSETTA/NAVCAM/RO-X-NAVCAM-2-PRL-COM-V1.0/DATA/CAM1/ROS_CAM1_20140430T032504F.FIT
2139,http://imagearchives.esac.esa.int/data_raw/ROSETTA/NAVCAM/RO-X-NAVCAM-2-PRL-COM-V1.0/DATA/CAM1/ROS_CAM1_20140430T033059F.FIT
2140,http://imagearchives.esac.esa.int/data_raw/ROSETTA/NAVCAM/RO-X-NAVCAM-2-PRL-COM-V1.0/DATA/CAM1/ROS_CAM1_20140430T033204F.FIT
2141,http://imagearchives.esac.esa.int/data_raw/ROSETTA/NAVCAM/RO-C-NAVCAM-2-PRL-MTP003-V1.0/DATA/CAM1/ROS_CAM1_20140508T131817F.FIT
2142,http://imagearchives.esac.esa.int/data_raw/ROSETTA/NAVCAM/RO-C-NAVCAM-2-PRL-MTP003-V1.0/DATA/CAM1/ROS_CAM1_20140508T132014F.FIT
2143,http://imagearchives.esac.esa.int/data_raw/ROSETTA/NAVCAM/RO-C-NAVCAM-2-PRL-MTP003-V1.0/DATA/CAM1/ROS_CAM1_20140508T132211F.FIT
2144,http://imagearchives.esac.esa.int/data_raw/ROSETTA/NAVCAM/RO-C-NAVCAM-2-PRL-MTP003-V1.0/DATA/CAM1/ROS_CAM1_20140508T132410F.FIT
2145,http://imagearchives.esac.esa.int/data_raw/ROSETTA/NAVCAM/RO-C-NAVCAM-2-PRL-MTP003-V1.0/DATA/CAM1/ROS_CAM1_20140508T132608F.FIT
2146,http://imagearchives.esac.esa.int/data_raw/ROSETTA/NAVCAM/RO-C-NAVCAM-2-PRL-MTP003-V1.0/DATA/CAM1/ROS_CAM1_20140509T144417F.FIT
2147,http://imagearchives.esac.esa.int/data_raw/ROSETTA/NAVCAM/RO-C-NAVCAM-2-PRL-MTP003-V1.0/DATA/CAM1/ROS_CAM1_20140509T144614F.FIT
2148,http://imagearchives.esac.esa.int/data_raw/ROSETTA/NAVCAM/RO-C-NAVCAM-2-PRL-MTP003-V1.0/DATA/CAM1/ROS_CAM1_20140509T144812F.FIT
2149,http://imagearchives.esac.esa.int/data_raw/ROSETTA/NAVCAM/RO-C-NAVCAM-2-PRL-MTP003-V1.0/DATA/CAM1/ROS_CAM1_20140509T145010F.FIT
2150,http://imagearchives.esac.esa.int/data_raw/ROSETTA/NAVCAM/RO-C-NAVCAM-2-PRL-MTP003-V1.0/DATA/CAM1/ROS_CAM1_20140509T145208F.FIT
2151,http://imagearchives.esac.esa.int/data_raw/ROSETTA/NAVCAM/RO-C-NAVCAM-2-PRL-MTP003-V1.0/DATA/CAM1/ROS_CAM1_20140510T131012F.FIT
2152,http://imagearchives.esac.esa.int/data_raw/ROSETTA/NAVCAM/RO-C-NAVCAM-2-PRL-MTP003-V1.0/DATA/CAM1/ROS_CAM1_20140510T131209F.FIT
2153,http://imagearchives.esac.esa.int/data_raw/ROSETTA/NAVCAM/RO-C-NAVCAM-2-PRL-MTP003-V1.0/DATA/CAM1/ROS_CAM1_20140510T131407F.FIT
2154,http://imagearchives.esac.esa.int/data_raw/ROSETTA/NAVCAM/RO-C-NAVCAM-2-PRL-MTP003-V1.0/DATA/CAM1/ROS_CAM1_20140510T131605F.FIT
2155,http://imagearchives.esac.esa.int/data_raw/ROSETTA/NAVCAM/RO-C-NAVCAM-2-PRL-MTP003-V1.0/DATA/CAM1/ROS_CAM1_20140510T131803F.FIT
2156,http://imagearchives.esac.esa.int/data_raw/ROSETTA/NAVCAM/RO-C-NAVCAM-2-PRL-MTP003-V1.0/DATA/CAM1/ROS_CAM1_20140511T130607F.FIT
2157,http://imagearchives.esac.esa.int/data_raw/ROSETTA/NAVCAM/RO-C-NAVCAM-2-PRL-MTP003-V1.0/DATA/CAM1/ROS_CAM1_20140511T130804F.FIT
2158,http://imagearchives.esac.esa.int/data_raw/ROSETTA/NAVCAM/RO-C-NAVCAM-2-PRL-MTP003-V1.0/DATA/CAM1/ROS_CAM1_20140511T131002F.FIT
2159,http://imagearchives.esac.esa.int/data_raw/ROSETTA/NAVCAM/RO-C-NAVCAM-2-PRL-MTP003-V1.0/DATA/CAM1/ROS_CAM1_20140511T131200F.FIT
2160,http://imagearchives.esac.esa.int/data_raw/ROSETTA/NAVCAM/RO-C-NAVCAM-2-PRL-MTP003-V1.0/DATA/CAM1/ROS_CAM1_20140511T131358F.FIT
2161,http://imagearchives.esac.esa.int/data_raw/ROSETTA/NAVCAM/RO-C-NAVCAM-2-PRL-MTP003-V1.0/DATA/CAM1/ROS_CAM1_20140512T130202F.FIT
2162,http://imagearchives.esac.esa.int/data_raw/ROSETTA/NAVCAM/RO-C-NAVCAM-2-PRL-MTP003-V1.0/DATA/CAM1/ROS_CAM1_20140512T130359F.FIT
2163,http://imagearchives.esac.esa.int/data_raw/ROSETTA/NAVCAM/RO-C-NAVCAM-2-PRL-MTP003-V1.0/DATA/CAM1/ROS_CAM1_20140512T130557F.FIT
2164,http://imagearchives.esac.esa.int/data_raw/ROSETTA/NAVCAM/RO-C-NAVCAM-2-PRL-MTP003-V1.0/DATA/CAM1/ROS_CAM1_20140512T130755F.FIT
2165,http://imagearchives.esac.esa.int/data_raw/ROSETTA/NAVCAM/RO-C-NAVCAM-2-PRL-MTP003-V1.0/DATA/CAM1/ROS_CAM1_20140512T130954F.FIT
2166,http://imagearchives.esac.esa.int/data_raw/ROSETTA/NAVCAM/RO-C-NAVCAM-2-PRL-MTP003-V1.0/DATA/CAM1/ROS_CAM1_20140513T125758F.FIT
2167,http://imagearchives.esac.esa.int/data_raw/ROSETTA/NAVCAM/RO-C-NAVCAM-2-PRL-MTP003-V1.0/DATA/CAM1/ROS_CAM1_20140513T125955F.FIT
2168,http://imagearchives.esac.esa.int/data_raw/ROSETTA/NAVCAM/RO-C-NAVCAM-2-PRL-MTP003-V1.0/DATA/CAM1/ROS_CAM1_20140513T130152F.FIT
2169,http://imagearchives.esac.esa.int/data_raw/ROSETTA/NAVCAM/RO-C-NAVCAM-2-PRL-MTP003-V1.0/DATA/CAM1/ROS_CAM1_20140513T130350F.FIT
2170,http://imagearchives.esac.esa.int/data_raw/ROSETTA/NAVCAM/RO-C-NAVCAM-2-PRL-MTP003-V1.0/DATA/CAM1/ROS_CAM1_20140513T130549F.FIT
2171,http://imagearchives.esac.esa.int/data_raw/ROSETTA/NAVCAM/RO-C-NAVCAM-2-PRL-MTP003-V1.0/DATA/CAM1/ROS_CAM1_20140513T202033F.FIT
2172,http://imagearchives.esac.esa.int/data_raw/ROSETTA/NAVCAM/RO-C-NAVCAM-2-PRL-MTP003-V1.0/DATA/CAM1/ROS_CAM1_20140513T203633F.FIT
2173,http://imagearchives.esac.esa.int/data_raw/ROSETTA/NAVCAM/RO-C-NAVCAM-2-PRL-MTP003-V1.0/DATA/CAM1/ROS_CAM1_20140513T205233F.FIT
2174,http://imagearchives.esac.esa.int/data_raw/ROSETTA/NAVCAM/RO-C-NAVCAM-2-PRL-MTP003-V1.0/DATA/CAM1/ROS_CAM1_20140513T210833F.FIT
2175,http://imagearchives.esac.esa.int/data_raw/ROSETTA/NAVCAM/RO-C-NAVCAM-2-PRL-MTP003-V1.0/DATA/CAM1/ROS_CAM1_20140513T212433F.FIT
2176,http://imagearchives.esac.esa.int/data_raw/ROSETTA/NAVCAM/RO-C-NAVCAM-2-PRL-MTP003-V1.0/DATA/CAM1/ROS_CAM1_20140513T214033F.FIT
2177,http://imagearchives.esac.esa.int/data_raw/ROSETTA/NAVCAM/RO-C-NAVCAM-2-PRL-MTP003-V1.0/DATA/CAM1/ROS_CAM1_20140514T125352F.FIT
2178,http://imagearchives.esac.esa.int/data_raw/ROSETTA/NAVCAM/RO-C-NAVCAM-2-PRL-MTP003-V1.0/DATA/CAM1/ROS_CAM1_20140514T125549F.FIT
2179,http://imagearchives.esac.esa.int/data_raw/ROSETTA/NAVCAM/RO-C-NAVCAM-2-PRL-MTP003-V1.0/DATA/CAM1/ROS_CAM1_20140514T125746F.FIT
2180,http://imagearchives.esac.esa.int/data_raw/ROSETTA/NAVCAM/RO-C-NAVCAM-2-PRL-MTP003-V1.0/DATA/CAM1/ROS_CAM1_20140514T125944F.FIT
2181,http://imagearchives.esac.esa.int/data_raw/ROSETTA/NAVCAM/RO-C-NAVCAM-2-PRL-MTP003-V1.0/DATA/CAM1/ROS_CAM1_20140514T130143F.FIT
2182,http://imagearchives.esac.esa.int/data_raw/ROSETTA/NAVCAM/RO-C-NAVCAM-2-PRL-MTP003-V1.0/DATA/CAM1/ROS_CAM1_20140515T124947F.FIT
2183,http://imagearchives.esac.esa.int/data_raw/ROSETTA/NAVCAM/RO-C-NAVCAM-2-PRL-MTP003-V1.0/DATA/CAM1/ROS_CAM1_20140515T125144F.FIT
2184,http://imagearchives.esac.esa.int/data_raw/ROSETTA/NAVCAM/RO-C-NAVCAM-2-PRL-MTP003-V1.0/DATA/CAM1/ROS_CAM1_20140515T125341F.FIT
2185,http://imagearchives.esac.esa.int/data_raw/ROSETTA/NAVCAM/RO-C-NAVCAM-2-PRL-MTP003-V1.0/DATA/CAM1/ROS_CAM1_20140515T125540F.FIT
2186,http://imagearchives.esac.esa.int/data_raw/ROSETTA/NAVCAM/RO-C-NAVCAM-2-PRL-MTP003-V1.0/DATA/CAM1/ROS_CAM1_20140515T125738F.FIT
2187,http://imagearchives.esac.esa.int/data_raw/ROSETTA/NAVCAM/RO-C-NAVCAM-2-PRL-MTP003-V1.0/DATA/CAM1/ROS_CAM1_20140516T124542F.FIT
2188,http://imagearchives.esac.esa.int/data_raw/ROSETTA/NAVCAM/RO-C-NAVCAM-2-PRL-MTP003-V1.0/DATA/CAM1/ROS_CAM1_20140516T124739F.FIT
2189,http://imagearchives.esac.esa.int/data_raw/ROSETTA/NAVCAM/RO-C-NAVCAM-2-PRL-MTP003-V1.0/DATA/CAM1/ROS_CAM1_20140516T124937F.FIT
2190,http://imagearchives.esac.esa.int/data_raw/ROSETTA/NAVCAM/RO-C-NAVCAM-2-PRL-MTP003-V1.0/DATA/CAM1/ROS_CAM1_20140516T125135F.FIT
2191,http://imagearchives.esac.esa.int/data_raw/ROSETTA/NAVCAM/RO-C-NAVCAM-2-PRL-MTP003-V1.0/DATA/CAM1/ROS_CAM1_20140516T125333F.FIT
2192,http://imagearchives.esac.esa.int/data_raw/ROSETTA/NAVCAM/RO-C-NAVCAM-2-PRL-MTP003-V1.0/DATA/CAM1/ROS_CAM1_20140517T124137F.FIT
2193,http://imagearchives.esac.esa.int/data_raw/ROSETTA/NAVCAM/RO-C-NAVCAM-2-PRL-MTP003-V1.0/DATA/CAM1/ROS_CAM1_20140517T124334F.FIT
2194,http://imagearchives.esac.esa.int/data_raw/ROSETTA/NAVCAM/RO-C-NAVCAM-2-PRL-MTP003-V1.0/DATA/CAM1/ROS_CAM1_20140517T124532F.FIT
2195,http://imagearchives.esac.esa.int/data_raw/ROSETTA/NAVCAM/RO-C-NAVCAM-2-PRL-MTP003-V1.0/DATA/CAM1/ROS_CAM1_20140517T124730F.FIT
2196,http://imagearchives.esac.esa.int/data_raw/ROSETTA/NAVCAM/RO-C-NAVCAM-2-PRL-MTP003-V1.0/DATA/CAM1/ROS_CAM1_20140517T124928F.FIT
2197,http://imagearchives.esac.esa.int/data_raw/ROSETTA/NAVCAM/RO-C-NAVCAM-2-PRL-MTP003-V1.0/DATA/CAM1/ROS_CAM1_20140518T123732F.FIT
2198,http://imagearchives.esac.esa.int/data_raw/ROSETTA/NAVCAM/RO-C-NAVCAM-2-PRL-MTP003-V1.0/DATA/CAM1/ROS_CAM1_20140518T123929F.FIT
2199,http://imagearchives.esac.esa.int/data_raw/ROSETTA/NAVCAM/RO-C-NAVCAM-2-PRL-MTP003-V1.0/DATA/CAM1/ROS_CAM1_20140518T124127F.FIT
2200,http://imagearchives.esac.esa.int/data_raw/ROSETTA/NAVCAM/RO-C-NAVCAM-2-PRL-MTP003-V1.0/DATA/CAM1/ROS_CAM1_20140518T124325F.FIT
2201,http://imagearchives.esac.esa.int/data_raw/ROSETTA/NAVCAM/RO-C-NAVCAM-2-PRL-MTP003-V1.0/DATA/CAM1/ROS_CAM1_20140518T124523F.FIT
2202,http://imagearchives.esac.esa.int/data_raw/ROSETTA/NAVCAM/RO-C-NAVCAM-2-PRL-MTP003-V1.0/DATA/CAM1/ROS_CAM1_20140519T123327F.FIT
2203,http://imagearchives.esac.esa.int/data_raw/ROSETTA/NAVCAM/RO-C-NAVCAM-2-PRL-MTP003-V1.0/DATA/CAM1/ROS_CAM1_20140519T123524F.FIT
2204,http://imagearchives.esac.esa.int/data_raw/ROSETTA/NAVCAM/RO-C-NAVCAM-2-PRL-MTP003-V1.0/DATA/CAM1/ROS_CAM1_20140519T123722F.FIT
2205,http://imagearchives.esac.esa.int/data_raw/ROSETTA/NAVCAM/RO-C-NAVCAM-2-PRL-MTP003-V1.0/DATA/CAM1/ROS_CAM1_20140519T123920F.FIT
2206,http://imagearchives.esac.esa.int/data_raw/ROSETTA/NAVCAM/RO-C-NAVCAM-2-PRL-MTP003-V1.0/DATA/CAM1/ROS_CAM1_20140519T124119F.FIT
2207,http://imagearchives.esac.esa.int/data_raw/ROSETTA/NAVCAM/RO-C-NAVCAM-2-PRL-MTP003-V1.0/DATA/CAM1/ROS_CAM1_20140520T122923F.FIT
2208,http://imagearchives.esac.esa.int/data_raw/ROSETTA/NAVCAM/RO-C-NAVCAM-2-PRL-MTP003-V1.0/DATA/CAM1/ROS_CAM1_20140520T123120F.FIT
2209,http://imagearchives.esac.esa.int/data_raw/ROSETTA/NAVCAM/RO-C-NAVCAM-2-PRL-MTP003-V1.0/DATA/CAM1/ROS_CAM1_20140520T123317F.FIT
2210,http://imagearchives.esac.esa.int/data_raw/ROSETTA/NAVCAM/RO-C-NAVCAM-2-PRL-MTP003-V1.0/DATA/CAM1/ROS_CAM1_20140520T123515F.FIT
2211,http://imagearchives.esac.esa.int/data_raw/ROSETTA/NAVCAM/RO-C-NAVCAM-2-PRL-MTP003-V1.0/DATA/CAM1/ROS_CAM1_20140520T123714F.FIT
2212,http://imagearchives.esac.esa.int/data_raw/ROSETTA/NAVCAM/RO-C-NAVCAM-2-PRL-MTP003-V1.0/DATA/CAM1/ROS_CAM1_20140521T112517F.FIT
2213,http://imagearchives.esac.esa.int/data_raw/ROSETTA/NAVCAM/RO-C-NAVCAM-2-PRL-MTP003-V1.0/DATA/CAM1/ROS_CAM1_20140521T112714F.FIT
2214,http://imagearchives.esac.esa.int/data_raw/ROSETTA/NAVCAM/RO-C-NAVCAM-2-PRL-MTP003-V1.0/DATA/CAM1/ROS_CAM1_20140521T112911F.FIT
2215,http://imagearchives.esac.esa.int/data_raw/ROSETTA/NAVCAM/RO-C-NAVCAM-2-PRL-MTP003-V1.0/DATA/CAM1/ROS_CAM1_20140521T113109F.FIT
2216,http://imagearchives.esac.esa.int/data_raw/ROSETTA/NAVCAM/RO-C-NAVCAM-2-PRL-MTP003-V1.0/DATA/CAM1/ROS_CAM1_20140521T113308F.FIT
2217,http://imagearchives.esac.esa.int/data_raw/ROSETTA/NAVCAM/RO-C-NAVCAM-2-PRL-MTP003-V1.0/DATA/CAM1/ROS_CAM1_20140522T122047F.FIT
2218,http://imagearchives.esac.esa.int/data_raw/ROSETTA/NAVCAM/RO-C-NAVCAM-2-PRL-MTP003-V1.0/DATA/CAM1/ROS_CAM1_20140522T122244F.FIT
2219,http://imagearchives.esac.esa.int/data_raw/ROSETTA/NAVCAM/RO-C-NAVCAM-2-PRL-MTP003-V1.0/DATA/CAM1/ROS_CAM1_20140522T122441F.FIT
2220,http://imagearchives.esac.esa.int/data_raw/ROSETTA/NAVCAM/RO-C-NAVCAM-2-PRL-MTP003-V1.0/DATA/CAM1/ROS_CAM1_20140522T122639F.FIT
2221,http://imagearchives.esac.esa.int/data_raw/ROSETTA/NAVCAM/RO-C-NAVCAM-2-PRL-MTP003-V1.0/DATA/CAM1/ROS_CAM1_20140522T122838F.FIT
2222,http://imagearchives.esac.esa.int/data_raw/ROSETTA/NAVCAM/RO-C-NAVCAM-2-PRL-MTP003-V1.0/DATA/CAM1/ROS_CAM1_20140523T134612F.FIT
2223,http://imagearchives.esac.esa.int/data_raw/ROSETTA/NAVCAM/RO-C-NAVCAM-2-PRL-MTP003-V1.0/DATA/CAM1/ROS_CAM1_20140523T134810F.FIT
2224,http://imagearchives.esac.esa.int/data_raw/ROSETTA/NAVCAM/RO-C-NAVCAM-2-PRL-MTP003-V1.0/DATA/CAM1/ROS_CAM1_20140523T135009F.FIT
2225,http://imagearchives.esac.esa.int/data_raw/ROSETTA/NAVCAM/RO-C-NAVCAM-2-PRL-MTP003-V1.0/DATA/CAM1/ROS_CAM1_20140523T135207F.FIT
2226,http://imagearchives.esac.esa.int/data_raw/ROSETTA/NAVCAM/RO-C-NAVCAM-2-PRL-MTP003-V1.0/DATA/CAM1/ROS_CAM1_20140523T135406F.FIT
2227,http://imagearchives.esac.esa.int/data_raw/ROSETTA/NAVCAM/RO-C-NAVCAM-2-PRL-MTP003-V1.0/DATA/CAM1/ROS_CAM1_20140524T121152F.FIT
2228,http://imagearchives.esac.esa.int/data_raw/ROSETTA/NAVCAM/RO-C-NAVCAM-2-PRL-MTP003-V1.0/DATA/CAM1/ROS_CAM1_20140524T121350F.FIT
2229,http://imagearchives.esac.esa.int/data_raw/ROSETTA/NAVCAM/RO-C-NAVCAM-2-PRL-MTP003-V1.0/DATA/CAM1/ROS_CAM1_20140524T121548F.FIT
2230,http://imagearchives.esac.esa.int/data_raw/ROSETTA/NAVCAM/RO-C-NAVCAM-2-PRL-MTP003-V1.0/DATA/CAM1/ROS_CAM1_20140524T121747F.FIT
2231,http://imagearchives.esac.esa.int/data_raw/ROSETTA/NAVCAM/RO-C-NAVCAM-2-PRL-MTP003-V1.0/DATA/CAM1/ROS_CAM1_20140524T121946F.FIT
2232,http://imagearchives.esac.esa.int/data_raw/ROSETTA/NAVCAM/RO-C-NAVCAM-2-PRL-MTP003-V1.0/DATA/CAM1/ROS_CAM1_20140525T120731F.FIT
2233,http://imagearchives.esac.esa.int/data_raw/ROSETTA/NAVCAM/RO-C-NAVCAM-2-PRL-MTP003-V1.0/DATA/CAM1/ROS_CAM1_20140525T120929F.FIT
2234,http://imagearchives.esac.esa.int/data_raw/ROSETTA/NAVCAM/RO-C-NAVCAM-2-PRL-MTP003-V1.0/DATA/CAM1/ROS_CAM1_20140525T121127F.FIT
2235,http://imagearchives.esac.esa.int/data_raw/ROSETTA/NAVCAM/RO-C-NAVCAM-2-PRL-MTP003-V1.0/DATA/CAM1/ROS_CAM1_20140525T121326F.FIT
2236,http://imagearchives.esac.esa.int/data_raw/ROSETTA/NAVCAM/RO-C-NAVCAM-2-PRL-MTP003-V1.0/DATA/CAM1/ROS_CAM1_20140525T121525F.FIT
2237,http://imagearchives.esac.esa.int/data_raw/ROSETTA/NAVCAM/RO-C-NAVCAM-2-PRL-MTP003-V1.0/DATA/CAM1/ROS_CAM1_20140526T120311F.FIT
2238,http://imagearchives.esac.esa.int/data_raw/ROSETTA/NAVCAM/RO-C-NAVCAM-2-PRL-MTP003-V1.0/DATA/CAM1/ROS_CAM1_20140526T120509F.FIT
2239,http://imagearchives.esac.esa.int/data_raw/ROSETTA/NAVCAM/RO-C-NAVCAM-2-PRL-MTP003-V1.0/DATA/CAM1/ROS_CAM1_20140526T120708F.FIT
2240,http://imagearchives.esac.esa.int/data_raw/ROSETTA/NAVCAM/RO-C-NAVCAM-2-PRL-MTP003-V1.0/DATA/CAM1/ROS_CAM1_20140526T120906F.FIT
2241,http://imagearchives.esac.esa.int/data_raw/ROSETTA/NAVCAM/RO-C-NAVCAM-2-PRL-MTP003-V1.0/DATA/CAM1/ROS_CAM1_20140526T121105F.FIT
2242,http://imagearchives.esac.esa.int/data_raw/ROSETTA/NAVCAM/RO-C-NAVCAM-2-PRL-MTP003-V1.0/DATA/CAM1/ROS_CAM1_20140527T115847F.FIT
2243,http://imagearchives.esac.esa.int/data_raw/ROSETTA/NAVCAM/RO-C-NAVCAM-2-PRL-MTP003-V1.0/DATA/CAM1/ROS_CAM1_20140527T120046F.FIT
2244,http://imagearchives.esac.esa.int/data_raw/ROSETTA/NAVCAM/RO-C-NAVCAM-2-PRL-MTP003-V1.0/DATA/CAM1/ROS_CAM1_20140527T120245F.FIT
2245,http://imagearchives.esac.esa.int/data_raw/ROSETTA/NAVCAM/RO-C-NAVCAM-2-PRL-MTP003-V1.0/DATA/CAM1/ROS_CAM1_20140527T120444F.FIT
2246,http://imagearchives.esac.esa.int/data_raw/ROSETTA/NAVCAM/RO-C-NAVCAM-2-PRL-MTP003-V1.0/DATA/CAM1/ROS_CAM1_20140527T120644F.FIT
2247,http://imagearchives.esac.esa.int/data_raw/ROSETTA/NAVCAM/RO-C-NAVCAM-2-PRL-MTP003-V1.0/DATA/CAM1/ROS_CAM1_20140528T115428F.FIT
2248,http://imagearchives.esac.esa.int/data_raw/ROSETTA/NAVCAM/RO-C-NAVCAM-2-PRL-MTP003-V1.0/DATA/CAM1/ROS_CAM1_20140528T115626F.FIT
2249,http://imagearchives.esac.esa.int/data_raw/ROSETTA/NAVCAM/RO-C-NAVCAM-2-PRL-MTP003-V1.0/DATA/CAM1/ROS_CAM1_20140528T115825F.FIT
2250,http://imagearchives.esac.esa.int/data_raw/ROSETTA/NAVCAM/RO-C-NAVCAM-2-PRL-MTP003-V1.0/DATA/CAM1/ROS_CAM1_20140528T120025F.FIT
2251,http://imagearchives.esac.esa.int/data_raw/ROSETTA/NAVCAM/RO-C-NAVCAM-2-PRL-MTP003-V1.0/DATA/CAM1/ROS_CAM1_20140528T120224F.FIT
2252,http://imagearchives.esac.esa.int/data_raw/ROSETTA/NAVCAM/RO-C-NAVCAM-2-PRL-MTP003-V1.0/DATA/CAM1/ROS_CAM1_20140529T115008F.FIT
2253,http://imagearchives.esac.esa.int/data_raw/ROSETTA/NAVCAM/RO-C-NAVCAM-2-PRL-MTP003-V1.0/DATA/CAM1/ROS_CAM1_20140529T115207F.FIT
2254,http://imagearchives.esac.esa.int/data_raw/ROSETTA/NAVCAM/RO-C-NAVCAM-2-PRL-MTP003-V1.0/DATA/CAM1/ROS_CAM1_20140529T115406F.FIT
2255,http://imagearchives.esac.esa.int/data_raw/ROSETTA/NAVCAM/RO-C-NAVCAM-2-PRL-MTP003-V1.0/DATA/CAM1/ROS_CAM1_20140529T115605F.FIT
2256,http://imagearchives.esac.esa.int/data_raw/ROSETTA/NAVCAM/RO-C-NAVCAM-2-PRL-MTP003-V1.0/DATA/CAM1/ROS_CAM1_20140529T115804F.FIT
2257,http://imagearchives.esac.esa.int/data_raw/ROSETTA/NAVCAM/RO-C-NAVCAM-2-PRL-MTP003-V1.0/DATA/CAM1/ROS_CAM1_20140530T114548F.FIT
2258,http://imagearchives.esac.esa.int/data_raw/ROSETTA/NAVCAM/RO-C-NAVCAM-2-PRL-MTP003-V1.0/DATA/CAM1/ROS_CAM1_20140530T114747F.FIT
2259,http://imagearchives.esac.esa.int/data_raw/ROSETTA/NAVCAM/RO-C-NAVCAM-2-PRL-MTP003-V1.0/DATA/CAM1/ROS_CAM1_20140530T114946F.FIT
2260,http://imagearchives.esac.esa.int/data_raw/ROSETTA/NAVCAM/RO-C-NAVCAM-2-PRL-MTP003-V1.0/DATA/CAM1/ROS_CAM1_20140530T115145F.FIT
2261,http://imagearchives.esac.esa.int/data_raw/ROSETTA/NAVCAM/RO-C-NAVCAM-2-PRL-MTP003-V1.0/DATA/CAM1/ROS_CAM1_20140530T115344F.FIT
2262,http://imagearchives.esac.esa.int/data_raw/ROSETTA/NAVCAM/RO-C-NAVCAM-2-PRL-MTP003-V1.0/DATA/CAM1/ROS_CAM1_20140531T114124F.FIT
2263,http://imagearchives.esac.esa.int/data_raw/ROSETTA/NAVCAM/RO-C-NAVCAM-2-PRL-MTP003-V1.0/DATA/CAM1/ROS_CAM1_20140531T114324F.FIT
2264,http://imagearchives.esac.esa.int/data_raw/ROSETTA/NAVCAM/RO-C-NAVCAM-2-PRL-MTP003-V1.0/DATA/CAM1/ROS_CAM1_20140531T114523F.FIT
2265,http://imagearchives.esac.esa.int/data_raw/ROSETTA/NAVCAM/RO-C-NAVCAM-2-PRL-MTP003-V1.0/DATA/CAM1/ROS_CAM1_20140531T114723F.FIT
2266,http://imagearchives.esac.esa.int/data_raw/ROSETTA/NAVCAM/RO-C-NAVCAM-2-PRL-MTP003-V1.0/DATA/CAM1/ROS_CAM1_20140531T114923F.FIT
2267,http://imagearchives.esac.esa.int/data_raw/ROSETTA/NAVCAM/RO-C-NAVCAM-2-PRL-MTP003-V1.0/DATA/CAM1/ROS_CAM1_20140601T113705F.FIT
2268,http://imagearchives.esac.esa.int/data_raw/ROSETTA/NAVCAM/RO-C-NAVCAM-2-PRL-MTP003-V1.0/DATA/CAM1/ROS_CAM1_20140601T113904F.FIT
2269,http://imagearchives.esac.esa.int/data_raw/ROSETTA/NAVCAM/RO-C-NAVCAM-2-PRL-MTP003-V1.0/DATA/CAM1/ROS_CAM1_20140601T114103F.FIT
2270,http://imagearchives.esac.esa.int/data_raw/ROSETTA/NAVCAM/RO-C-NAVCAM-2-PRL-MTP003-V1.0/DATA/CAM1/ROS_CAM1_20140601T114303F.FIT
2271,http://imagearchives.esac.esa.int/data_raw/ROSETTA/NAVCAM/RO-C-NAVCAM-2-PRL-MTP003-V1.0/DATA/CAM1/ROS_CAM1_20140601T114503F.FIT
2272,http://imagearchives.esac.esa.int/data_raw/ROSETTA/NAVCAM/RO-C-NAVCAM-2-PRL-MTP003-V1.0/DATA/CAM1/ROS_CAM1_20140602T113245F.FIT
2273,http://imagearchives.esac.esa.int/data_raw/ROSETTA/NAVCAM/RO-C-NAVCAM-2-PRL-MTP003-V1.0/DATA/CAM1/ROS_CAM1_20140602T113444F.FIT
2274,http://imagearchives.esac.esa.int/data_raw/ROSETTA/NAVCAM/RO-C-NAVCAM-2-PRL-MTP003-V1.0/DATA/CAM1/ROS_CAM1_20140602T113644F.FIT
2275,http://imagearchives.esac.esa.int/data_raw/ROSETTA/NAVCAM/RO-C-NAVCAM-2-PRL-MTP003-V1.0/DATA/CAM1/ROS_CAM1_20140602T113843F.FIT
2276,http://imagearchives.esac.esa.int/data_raw/ROSETTA/NAVCAM/RO-C-NAVCAM-2-PRL-MTP003-V1.0/DATA/CAM1/ROS_CAM1_20140602T114043F.FIT
2277,http://imagearchives.esac.esa.int/data_raw/ROSETTA/NAVCAM/RO-C-NAVCAM-2-PRL-MTP003-V1.0/DATA/CAM1/ROS_CAM1_20140603T112825F.FIT
2278,http://imagearchives.esac.esa.int/data_raw/ROSETTA/NAVCAM/RO-C-NAVCAM-2-PRL-MTP003-V1.0/DATA/CAM1/ROS_CAM1_20140603T113024F.FIT
2279,http://imagearchives.esac.esa.int/data_raw/ROSETTA/NAVCAM/RO-C-NAVCAM-2-PRL-MTP003-V1.0/DATA/CAM1/ROS_CAM1_20140603T113224F.FIT
2280,http://imagearchives.esac.esa.int/data_raw/ROSETTA/NAVCAM/RO-C-NAVCAM-2-PRL-MTP003-V1.0/DATA/CAM1/ROS_CAM1_20140603T113423F.FIT
2281,http://imagearchives.esac.esa.int/data_raw/ROSETTA/NAVCAM/RO-C-NAVCAM-2-PRL-MTP003-V1.0/DATA/CAM1/ROS_CAM1_20140603T113624F.FIT
2282,http://imagearchives.esac.esa.int/data_raw/ROSETTA/NAVCAM/RO-C-NAVCAM-2-PRL-MTP003-V1.0/DATA/CAM1/ROS_CAM1_20140604T102405F.FIT
2283,http://imagearchives.esac.esa.int/data_raw/ROSETTA/NAVCAM/RO-C-NAVCAM-2-PRL-MTP003-V1.0/DATA/CAM1/ROS_CAM1_20140604T102604F.FIT
2284,http://imagearchives.esac.esa.int/data_raw/ROSETTA/NAVCAM/RO-C-NAVCAM-2-PRL-MTP003-V1.0/DATA/CAM1/ROS_CAM1_20140604T102804F.FIT
2285,http://imagearchives.esac.esa.int/data_raw/ROSETTA/NAVCAM/RO-C-NAVCAM-2-PRL-MTP003-V1.0/DATA/CAM1/ROS_CAM1_20140604T103004F.FIT
2286,http://imagearchives.esac.esa.int/data_raw/ROSETTA/NAVCAM/RO-C-NAVCAM-2-PRL-MTP003-V1.0/DATA/CAM1/ROS_CAM1_20140604T103203F.FIT
2287,http://imagearchives.esac.esa.int/data_raw/ROSETTA/NAVCAM/RO-C-NAVCAM-2-PRL-MTP004-V1.0/DATA/CAM1/ROS_CAM1_20140605T111905F.FIT
2288,http://imagearchives.esac.esa.int/data_raw/ROSETTA/NAVCAM/RO-C-NAVCAM-2-PRL-MTP004-V1.0/DATA/CAM1/ROS_CAM1_20140605T112104F.FIT
2289,http://imagearchives.esac.esa.int/data_raw/ROSETTA/NAVCAM/RO-C-NAVCAM-2-PRL-MTP004-V1.0/DATA/CAM1/ROS_CAM1_20140605T112304F.FIT
2290,http://imagearchives.esac.esa.int/data_raw/ROSETTA/NAVCAM/RO-C-NAVCAM-2-PRL-MTP004-V1.0/DATA/CAM1/ROS_CAM1_20140605T112504F.FIT
2291,http://imagearchives.esac.esa.int/data_raw/ROSETTA/NAVCAM/RO-C-NAVCAM-2-PRL-MTP004-V1.0/DATA/CAM1/ROS_CAM1_20140605T112703F.FIT
2292,http://imagearchives.esac.esa.int/data_raw/ROSETTA/NAVCAM/RO-C-NAVCAM-2-PRL-MTP004-V1.0/DATA/CAM1/ROS_CAM1_20140606T124404F.FIT
2293,http://imagearchives.esac.esa.int/data_raw/ROSETTA/NAVCAM/RO-C-NAVCAM-2-PRL-MTP004-V1.0/DATA/CAM1/ROS_CAM1_20140606T124604F.FIT
2294,http://imagearchives.esac.esa.int/data_raw/ROSETTA/NAVCAM/RO-C-NAVCAM-2-PRL-MTP004-V1.0/DATA/CAM1/ROS_CAM1_20140606T124803F.FIT
2295,http://imagearchives.esac.esa.int/data_raw/ROSETTA/NAVCAM/RO-C-NAVCAM-2-PRL-MTP004-V1.0/DATA/CAM1/ROS_CAM1_20140606T125003F.FIT
2296,http://imagearchives.esac.esa.int/data_raw/ROSETTA/NAVCAM/RO-C-NAVCAM-2-PRL-MTP004-V1.0/DATA/CAM1/ROS_CAM1_20140606T125203F.FIT
2297,http://imagearchives.esac.esa.int/data_raw/ROSETTA/NAVCAM/RO-C-NAVCAM-2-PRL-MTP004-V1.0/DATA/CAM1/ROS_CAM1_20140607T110924F.FIT
2298,http://imagearchives.esac.esa.int/data_raw/ROSETTA/NAVCAM/RO-C-NAVCAM-2-PRL-MTP004-V1.0/DATA/CAM1/ROS_CAM1_20140607T111124F.FIT
2299,http://imagearchives.esac.esa.int/data_raw/ROSETTA/NAVCAM/RO-C-NAVCAM-2-PRL-MTP004-V1.0/DATA/CAM1/ROS_CAM1_20140607T111324F.FIT
2300,http://imagearchives.esac.esa.int/data_raw/ROSETTA/NAVCAM/RO-C-NAVCAM-2-PRL-MTP004-V1.0/DATA/CAM1/ROS_CAM1_20140607T111523F.FIT
2301,http://imagearchives.esac.esa.int/data_raw/ROSETTA/NAVCAM/RO-C-NAVCAM-2-PRL-MTP004-V1.0/DATA/CAM1/ROS_CAM1_20140607T111723F.FIT
2302,http://imagearchives.esac.esa.int/data_raw/ROSETTA/NAVCAM/RO-C-NAVCAM-2-PRL-MTP004-V1.0/DATA/CAM1/ROS_CAM1_20140608T110443F.FIT
2303,http://imagearchives.esac.esa.int/data_raw/ROSETTA/NAVCAM/RO-C-NAVCAM-2-PRL-MTP004-V1.0/DATA/CAM1/ROS_CAM1_20140608T110643F.FIT
2304,http://imagearchives.esac.esa.int/data_raw/ROSETTA/NAVCAM/RO-C-NAVCAM-2-PRL-MTP004-V1.0/DATA/CAM1/ROS_CAM1_20140608T110843F.FIT
2305,http://imagearchives.esac.esa.int/data_raw/ROSETTA/NAVCAM/RO-C-NAVCAM-2-PRL-MTP004-V1.0/DATA/CAM1/ROS_CAM1_20140608T111042F.FIT
2306,http://imagearchives.esac.esa.int/data_raw/ROSETTA/NAVCAM/RO-C-NAVCAM-2-PRL-MTP004-V1.0/DATA/CAM1/ROS_CAM1_20140608T111242F.FIT
2307,http://imagearchives.esac.esa.int/data_raw/ROSETTA/NAVCAM/RO-C-NAVCAM-2-PRL-MTP004-V1.0/DATA/CAM1/ROS_CAM1_20140609T110004F.FIT
2308,http://imagearchives.esac.esa.int/data_raw/ROSETTA/NAVCAM/RO-C-NAVCAM-2-PRL-MTP004-V1.0/DATA/CAM1/ROS_CAM1_20140609T110203F.FIT
2309,http://imagearchives.esac.esa.int/data_raw/ROSETTA/NAVCAM/RO-C-NAVCAM-2-PRL-MTP004-V1.0/DATA/CAM1/ROS_CAM1_20140609T110403F.FIT
2310,http://imagearchives.esac.esa.int/data_raw/ROSETTA/NAVCAM/RO-C-NAVCAM-2-PRL-MTP004-V1.0/DATA/CAM1/ROS_CAM1_20140609T110603F.FIT
2311,http://imagearchives.esac.esa.int/data_raw/ROSETTA/NAVCAM/RO-C-NAVCAM-2-PRL-MTP004-V1.0/DATA/CAM1/ROS_CAM1_20140609T110803F.FIT
2312,http://imagearchives.esac.esa.int/data_raw/ROSETTA/NAVCAM/RO-C-NAVCAM-2-PRL-MTP004-V1.0/DATA/CAM1/ROS_CAM1_20140610T105523F.FIT
2313,http://imagearchives.esac.esa.int/data_raw/ROSETTA/NAVCAM/RO-C-NAVCAM-2-PRL-MTP004-V1.0/DATA/CAM1/ROS_CAM1_20140610T105723F.FIT
2314,http://imagearchives.esac.esa.int/data_raw/ROSETTA/NAVCAM/RO-C-NAVCAM-2-PRL-MTP004-V1.0/DATA/CAM1/ROS_CAM1_20140610T105923F.FIT
2315,http://imagearchives.esac.esa.int/data_raw/ROSETTA/NAVCAM/RO-C-NAVCAM-2-PRL-MTP004-V1.0/DATA/CAM1/ROS_CAM1_20140610T110122F.FIT
2316,http://imagearchives.esac.esa.int/data_raw/ROSETTA/NAVCAM/RO-C-NAVCAM-2-PRL-MTP004-V1.0/DATA/CAM1/ROS_CAM1_20140610T110322F.FIT
2317,http://imagearchives.esac.esa.int/data_raw/ROSETTA/NAVCAM/RO-C-NAVCAM-2-PRL-MTP004-V1.0/DATA/CAM1/ROS_CAM1_20140611T105043F.FIT
2318,http://imagearchives.esac.esa.int/data_raw/ROSETTA/NAVCAM/RO-C-NAVCAM-2-PRL-MTP004-V1.0/DATA/CAM1/ROS_CAM1_20140611T105243F.FIT
2319,http://imagearchives.esac.esa.int/data_raw/ROSETTA/NAVCAM/RO-C-NAVCAM-2-PRL-MTP004-V1.0/DATA/CAM1/ROS_CAM1_20140611T105443F.FIT
2320,http://imagearchives.esac.esa.int/data_raw/ROSETTA/NAVCAM/RO-C-NAVCAM-2-PRL-MTP004-V1.0/DATA/CAM1/ROS_CAM1_20140611T105643F.FIT
2321,http://imagearchives.esac.esa.int/data_raw/ROSETTA/NAVCAM/RO-C-NAVCAM-2-PRL-MTP004-V1.0/DATA/CAM1/ROS_CAM1_20140611T105843F.FIT
2322,http://imagearchives.esac.esa.int/data_raw/ROSETTA/NAVCAM/RO-C-NAVCAM-2-PRL-MTP004-V1.0/DATA/CAM1/ROS_CAM1_20140612T104604F.FIT
2323,http://imagearchives.esac.esa.int/data_raw/ROSETTA/NAVCAM/RO-C-NAVCAM-2-PRL-MTP004-V1.0/DATA/CAM1/ROS_CAM1_20140612T104803F.FIT
2324,http://imagearchives.esac.esa.int/data_raw/ROSETTA/NAVCAM/RO-C-NAVCAM-2-PRL-MTP004-V1.0/DATA/CAM1/ROS_CAM1_20140612T105003F.FIT
2325,http://imagearchives.esac.esa.int/data_raw/ROSETTA/NAVCAM/RO-C-NAVCAM-2-PRL-MTP004-V1.0/DATA/CAM1/ROS_CAM1_20140612T105203F.FIT
2326,http://imagearchives.esac.esa.int/data_raw/ROSETTA/NAVCAM/RO-C-NAVCAM-2-PRL-MTP004-V1.0/DATA/CAM1/ROS_CAM1_20140612T105403F.FIT
2327,http://imagearchives.esac.esa.int/data_raw/ROSETTA/NAVCAM/RO-C-NAVCAM-2-PRL-MTP004-V1.0/DATA/CAM1/ROS_CAM1_20140613T104123F.FIT
2328,http://imagearchives.esac.esa.int/data_raw/ROSETTA/NAVCAM/RO-C-NAVCAM-2-PRL-MTP004-V1.0/DATA/CAM1/ROS_CAM1_20140613T104324F.FIT
2329,http://imagearchives.esac.esa.int/data_raw/ROSETTA/NAVCAM/RO-C-NAVCAM-2-PRL-MTP004-V1.0/DATA/CAM1/ROS_CAM1_20140613T104522F.FIT
2330,http://imagearchives.esac.esa.int/data_raw/ROSETTA/NAVCAM/RO-C-NAVCAM-2-PRL-MTP004-V1.0/DATA/CAM1/ROS_CAM1_20140613T104722F.FIT
2331,http://imagearchives.esac.esa.int/data_raw/ROSETTA/NAVCAM/RO-C-NAVCAM-2-PRL-MTP004-V1.0/DATA/CAM1/ROS_CAM1_20140613T104923F.FIT
2332,http://imagearchives.esac.esa.int/data_raw/ROSETTA/NAVCAM/RO-C-NAVCAM-2-PRL-MTP004-V1.0/DATA/CAM1/ROS_CAM1_20140614T103642F.FIT
2333,http://imagearchives.esac.esa.int/data_raw/ROSETTA/NAVCAM/RO-C-NAVCAM-2-PRL-MTP004-V1.0/DATA/CAM1/ROS_CAM1_20140614T103842F.FIT
2334,http://imagearchives.esac.esa.int/data_raw/ROSETTA/NAVCAM/RO-C-NAVCAM-2-PRL-MTP004-V1.0/DATA/CAM1/ROS_CAM1_20140614T104042F.FIT
2335,http://imagearchives.esac.esa.int/data_raw/ROSETTA/NAVCAM/RO-C-NAVCAM-2-PRL-MTP004-V1.0/DATA/CAM1/ROS_CAM1_20140614T104242F.FIT
2336,http://imagearchives.esac.esa.int/data_raw/ROSETTA/NAVCAM/RO-C-NAVCAM-2-PRL-MTP004-V1.0/DATA/CAM1/ROS_CAM1_20140614T104442F.FIT
2337,http://imagearchives.esac.esa.int/data_raw/ROSETTA/NAVCAM/RO-C-NAVCAM-2-PRL-MTP004-V1.0/DATA/CAM1/ROS_CAM1_20140615T103203F.FIT
2338,http://imagearchives.esac.esa.int/data_raw/ROSETTA/NAVCAM/RO-C-NAVCAM-2-PRL-MTP004-V1.0/DATA/CAM1/ROS_CAM1_20140615T103402F.FIT
2339,http://imagearchives.esac.esa.int/data_raw/ROSETTA/NAVCAM/RO-C-NAVCAM-2-PRL-MTP004-V1.0/DATA/CAM1/ROS_CAM1_20140615T103602F.FIT
2340,http://imagearchives.esac.esa.int/data_raw/ROSETTA/NAVCAM/RO-C-NAVCAM-2-PRL-MTP004-V1.0/DATA/CAM1/ROS_CAM1_20140615T103802F.FIT
2341,http://imagearchives.esac.esa.int/data_raw/ROSETTA/NAVCAM/RO-C-NAVCAM-2-PRL-MTP004-V1.0/DATA/CAM1/ROS_CAM1_20140615T104002F.FIT
2342,http://imagearchives.esac.esa.int/data_raw/ROSETTA/NAVCAM/RO-C-NAVCAM-2-PRL-MTP004-V1.0/DATA/CAM1/ROS_CAM1_20140616T102723F.FIT
2343,http://imagearchives.esac.esa.int/data_raw/ROSETTA/NAVCAM/RO-C-NAVCAM-2-PRL-MTP004-V1.0/DATA/CAM1/ROS_CAM1_20140616T102923F.FIT
2344,http://imagearchives.esac.esa.int/data_raw/ROSETTA/NAVCAM/RO-C-NAVCAM-2-PRL-MTP004-V1.0/DATA/CAM1/ROS_CAM1_20140616T103123F.FIT
2345,http://imagearchives.esac.esa.int/data_raw/ROSETTA/NAVCAM/RO-C-NAVCAM-2-PRL-MTP004-V1.0/DATA/CAM1/ROS_CAM1_20140616T103323F.FIT
2346,http://imagearchives.esac.esa.int/data_raw/ROSETTA/NAVCAM/RO-C-NAVCAM-2-PRL-MTP004-V1.0/DATA/CAM1/ROS_CAM1_20140616T103522F.FIT
2347,http://imagearchives.esac.esa.int/data_raw/ROSETTA/NAVCAM/RO-C-NAVCAM-2-PRL-MTP004-V1.0/DATA/CAM1/ROS_CAM1_20140617T102243F.FIT
2348,http://imagearchives.esac.esa.int/data_raw/ROSETTA/NAVCAM/RO-C-NAVCAM-2-PRL-MTP004-V1.0/DATA/CAM1/ROS_CAM1_20140617T102443F.FIT
2349,http://imagearchives.esac.esa.int/data_raw/ROSETTA/NAVCAM/RO-C-NAVCAM-2-PRL-MTP004-V1.0/DATA/CAM1/ROS_CAM1_20140617T102643F.FIT
2350,http://imagearchives.esac.esa.int/data_raw/ROSETTA/NAVCAM/RO-C-NAVCAM-2-PRL-MTP004-V1.0/DATA/CAM1/ROS_CAM1_20140617T102843F.FIT
2351,http://imagearchives.esac.esa.int/data_raw/ROSETTA/NAVCAM/RO-C-NAVCAM-2-PRL-MTP004-V1.0/DATA/CAM1/ROS_CAM1_20140617T103043F.FIT
2352,http://imagearchives.esac.esa.int/data_raw/ROSETTA/NAVCAM/RO-C-NAVCAM-2-PRL-MTP004-V1.0/DATA/CAM1/ROS_CAM1_20140618T091803F.FIT
2353,http://imagearchives.esac.esa.int/data_raw/ROSETTA/NAVCAM/RO-C-NAVCAM-2-PRL-MTP004-V1.0/DATA/CAM1/ROS_CAM1_20140618T092003F.FIT
2354,http://imagearchives.esac.esa.int/data_raw/ROSETTA/NAVCAM/RO-C-NAVCAM-2-PRL-MTP004-V1.0/DATA/CAM1/ROS_CAM1_20140618T092203F.FIT
2355,http://imagearchives.esac.esa.int/data_raw/ROSETTA/NAVCAM/RO-C-NAVCAM-2-PRL-MTP004-V1.0/DATA/CAM1/ROS_CAM1_20140618T092403F.FIT
2356,http://imagearchives.esac.esa.int/data_raw/ROSETTA/NAVCAM/RO-C-NAVCAM-2-PRL-MTP004-V1.0/DATA/CAM1/ROS_CAM1_20140618T092603F.FIT
2357,http://imagearchives.esac.esa.int/data_raw/ROSETTA/NAVCAM/RO-C-NAVCAM-2-PRL-MTP004-V1.0/DATA/CAM1/ROS_CAM1_20140619T101302F.FIT
2358,http://imagearchives.esac.esa.int/data_raw/ROSETTA/NAVCAM/RO-C-NAVCAM-2-PRL-MTP004-V1.0/DATA/CAM1/ROS_CAM1_20140619T101502F.FIT
2359,http://imagearchives.esac.esa.int/data_raw/ROSETTA/NAVCAM/RO-C-NAVCAM-2-PRL-MTP004-V1.0/DATA/CAM1/ROS_CAM1_20140619T101702F.FIT
2360,http://imagearchives.esac.esa.int/data_raw/ROSETTA/NAVCAM/RO-C-NAVCAM-2-PRL-MTP004-V1.0/DATA/CAM1/ROS_CAM1_20140619T101902F.FIT
2361,http://imagearchives.esac.esa.int/data_raw/ROSETTA/NAVCAM/RO-C-NAVCAM-2-PRL-MTP004-V1.0/DATA/CAM1/ROS_CAM1_20140619T102103F.FIT
2362,http://imagearchives.esac.esa.int/data_raw/ROSETTA/NAVCAM/RO-C-NAVCAM-2-PRL-MTP004-V1.0/DATA/CAM1/ROS_CAM1_20140620T113802F.FIT
2363,http://imagearchives.esac.esa.int/data_raw/ROSETTA/NAVCAM/RO-C-NAVCAM-2-PRL-MTP004-V1.0/DATA/CAM1/ROS_CAM1_20140620T114002F.FIT
2364,http://imagearchives.esac.esa.int/data_raw/ROSETTA/NAVCAM/RO-C-NAVCAM-2-PRL-MTP004-V1.0/DATA/CAM1/ROS_CAM1_20140620T114202F.FIT
2365,http://imagearchives.esac.esa.int/data_raw/ROSETTA/NAVCAM/RO-C-NAVCAM-2-PRL-MTP004-V1.0/DATA/CAM1/ROS_CAM1_20140620T114402F.FIT
2366,http://imagearchives.esac.esa.int/data_raw/ROSETTA/NAVCAM/RO-C-NAVCAM-2-PRL-MTP004-V1.0/DATA/CAM1/ROS_CAM1_20140620T114602F.FIT
2367,http://imagearchives.esac.esa.int/data_raw/ROSETTA/NAVCAM/RO-C-NAVCAM-2-PRL-MTP004-V1.0/DATA/CAM1/ROS_CAM1_20140621T100307F.FIT
2368,http://imagearchives.esac.esa.int/data_raw/ROSETTA/NAVCAM/RO-C-NAVCAM-2-PRL-MTP004-V1.0/DATA/CAM1/ROS_CAM1_20140621T100507F.FIT
2369,http://imagearchives.esac.esa.int/data_raw/ROSETTA/NAVCAM/RO-C-NAVCAM-2-PRL-MTP004-V1.0/DATA/CAM1/ROS_CAM1_20140621T100707F.FIT
2370,http://imagearchives.esac.esa.int/data_raw/ROSETTA/NAVCAM/RO-C-NAVCAM-2-PRL-MTP004-V1.0/DATA/CAM1/ROS_CAM1_20140621T100907F.FIT
2371,http://imagearchives.esac.esa.int/data_raw/ROSETTA/NAVCAM/RO-C-NAVCAM-2-PRL-MTP004-V1.0/DATA/CAM1/ROS_CAM1_20140621T101107F.FIT
2372,http://imagearchives.esac.esa.int/data_raw/ROSETTA/NAVCAM/RO-C-NAVCAM-2-PRL-MTP004-V1.0/DATA/CAM1/ROS_CAM1_20140622T095813F.FIT
2373,http://imagearchives.esac.esa.int/data_raw/ROSETTA/NAVCAM/RO-C-NAVCAM-2-PRL-MTP004-V1.0/DATA/CAM1/ROS_CAM1_20140622T100013F.FIT
2374,http://imagearchives.esac.esa.int/data_raw/ROSETTA/NAVCAM/RO-C-NAVCAM-2-PRL-MTP004-V1.0/DATA/CAM1/ROS_CAM1_20140622T100213F.FIT
2375,http://imagearchives.esac.esa.int/data_raw/ROSETTA/NAVCAM/RO-C-NAVCAM-2-PRL-MTP004-V1.0/DATA/CAM1/ROS_CAM1_20140622T100413F.FIT
2376,http://imagearchives.esac.esa.int/data_raw/ROSETTA/NAVCAM/RO-C-NAVCAM-2-PRL-MTP004-V1.0/DATA/CAM1/ROS_CAM1_20140622T100613F.FIT
2377,http://imagearchives.esac.esa.int/data_raw/ROSETTA/NAVCAM/RO-C-NAVCAM-2-PRL-MTP004-V1.0/DATA/CAM1/ROS_CAM1_20140623T095318F.FIT
2378,http://imagearchives.esac.esa.int/data_raw/ROSETTA/NAVCAM/RO-C-NAVCAM-2-PRL-MTP004-V1.0/DATA/CAM1/ROS_CAM1_20140623T095518F.FIT
2379,http://imagearchives.esac.esa.int/data_raw/ROSETTA/NAVCAM/RO-C-NAVCAM-2-PRL-MTP004-V1.0/DATA/CAM1/ROS_CAM1_20140623T095718F.FIT
2380,http://imagearchives.esac.esa.int/data_raw/ROSETTA/NAVCAM/RO-C-NAVCAM-2-PRL-MTP004-V1.0/DATA/CAM1/ROS_CAM1_20140623T095918F.FIT
2381,http://imagearchives.esac.esa.int/data_raw/ROSETTA/NAVCAM/RO-C-NAVCAM-2-PRL-MTP004-V1.0/DATA/CAM1/ROS_CAM1_20140623T100118F.FIT
2382,http://imagearchives.esac.esa.int/data_raw/ROSETTA/NAVCAM/RO-C-NAVCAM-2-PRL-MTP004-V1.0/DATA/CAM1/ROS_CAM1_20140624T094822F.FIT
2383,http://imagearchives.esac.esa.int/data_raw/ROSETTA/NAVCAM/RO-C-NAVCAM-2-PRL-MTP004-V1.0/DATA/CAM1/ROS_CAM1_20140624T095021F.FIT
2384,http://imagearchives.esac.esa.int/data_raw/ROSETTA/NAVCAM/RO-C-NAVCAM-2-PRL-MTP004-V1.0/DATA/CAM1/ROS_CAM1_20140624T095221F.FIT
2385,http://imagearchives.esac.esa.int/data_raw/ROSETTA/NAVCAM/RO-C-NAVCAM-2-PRL-MTP004-V1.0/DATA/CAM1/ROS_CAM1_20140624T095421F.FIT
2386,http://imagearchives.esac.esa.int/data_raw/ROSETTA/NAVCAM/RO-C-NAVCAM-2-PRL-MTP004-V1.0/DATA/CAM1/ROS_CAM1_20140624T095622F.FIT
2387,http://imagearchives.esac.esa.int/data_raw/ROSETTA/NAVCAM/RO-C-NAVCAM-2-PRL-MTP004-V1.0/DATA/CAM1/ROS_CAM1_20140625T094327F.FIT
2388,http://imagearchives.esac.esa.int/data_raw/ROSETTA/NAVCAM/RO-C-NAVCAM-2-PRL-MTP004-V1.0/DATA/CAM1/ROS_CAM1_20140625T094526F.FIT
2389,http://imagearchives.esac.esa.int/data_raw/ROSETTA/NAVCAM/RO-C-NAVCAM-2-PRL-MTP004-V1.0/DATA/CAM1/ROS_CAM1_20140625T094726F.FIT
2390,http://imagearchives.esac.esa.int/data_raw/ROSETTA/NAVCAM/RO-C-NAVCAM-2-PRL-MTP004-V1.0/DATA/CAM1/ROS_CAM1_20140625T094926F.FIT
2391,http://imagearchives.esac.esa.int/data_raw/ROSETTA/NAVCAM/RO-C-NAVCAM-2-PRL-MTP004-V1.0/DATA/CAM1/ROS_CAM1_20140625T095127F.FIT
2392,http://imagearchives.esac.esa.int/data_raw/ROSETTA/NAVCAM/RO-C-NAVCAM-2-PRL-MTP004-V1.0/DATA/CAM1/ROS_CAM1_20140626T093832F.FIT
2393,http://imagearchives.esac.esa.int/data_raw/ROSETTA/NAVCAM/RO-C-NAVCAM-2-PRL-MTP004-V1.0/DATA/CAM1/ROS_CAM1_20140626T094031F.FIT
2394,http://imagearchives.esac.esa.int/data_raw/ROSETTA/NAVCAM/RO-C-NAVCAM-2-PRL-MTP004-V1.0/DATA/CAM1/ROS_CAM1_20140626T094231F.FIT
2395,http://imagearchives.esac.esa.int/data_raw/ROSETTA/NAVCAM/RO-C-NAVCAM-2-PRL-MTP004-V1.0/DATA/CAM1/ROS_CAM1_20140626T094431F.FIT
2396,http://imagearchives.esac.esa.int/data_raw/ROSETTA/NAVCAM/RO-C-NAVCAM-2-PRL-MTP004-V1.0/DATA/CAM1/ROS_CAM1_20140626T094632F.FIT
2397,http://imagearchives.esac.esa.int/data_raw/ROSETTA/NAVCAM/RO-C-NAVCAM-2-PRL-MTP004-V1.0/DATA/CAM1/ROS_CAM1_20140627T093338F.FIT
2398,http://imagearchives.esac.esa.int/data_raw/ROSETTA/NAVCAM/RO-C-NAVCAM-2-PRL-MTP004-V1.0/DATA/CAM1/ROS_CAM1_20140627T093537F.FIT
2399,http://imagearchives.esac.esa.int/data_raw/ROSETTA/NAVCAM/RO-C-NAVCAM-2-PRL-MTP004-V1.0/DATA/CAM1/ROS_CAM1_20140627T093737F.FIT
2400,http://imagearchives.esac.esa.int/data_raw/ROSETTA/NAVCAM/RO-C-NAVCAM-2-PRL-MTP004-V1.0/DATA/CAM1/ROS_CAM1_20140627T093937F.FIT
2401,http://imagearchives.esac.esa.int/data_raw/ROSETTA/NAVCAM/RO-C-NAVCAM-2-PRL-MTP004-V1.0/DATA/CAM1/ROS_CAM1_20140627T094138F.FIT
2402,http://imagearchives.esac.esa.int/data_raw/ROSETTA/NAVCAM/RO-C-NAVCAM-2-PRL-MTP004-V1.0/DATA/CAM1/ROS_CAM1_20140628T092843F.FIT
2403,http://imagearchives.esac.esa.int/data_raw/ROSETTA/NAVCAM/RO-C-NAVCAM-2-PRL-MTP004-V1.0/DATA/CAM1/ROS_CAM1_20140628T093042F.FIT
2404,http://imagearchives.esac.esa.int/data_raw/ROSETTA/NAVCAM/RO-C-NAVCAM-2-PRL-MTP004-V1.0/DATA/CAM1/ROS_CAM1_20140628T093242F.FIT
2405,http://imagearchives.esac.esa.int/data_raw/ROSETTA/NAVCAM/RO-C-NAVCAM-2-PRL-MTP004-V1.0/DATA/CAM1/ROS_CAM1_20140628T093442F.FIT
2406,http://imagearchives.esac.esa.int/data_raw/ROSETTA/NAVCAM/RO-C-NAVCAM-2-PRL-MTP004-V1.0/DATA/CAM1/ROS_CAM1_20140628T093643F.FIT
2407,http://imagearchives.esac.esa.int/data_raw/ROSETTA/NAVCAM/RO-C-NAVCAM-2-PRL-MTP004-V1.0/DATA/CAM1/ROS_CAM1_20140629T092348F.FIT
2408,http://imagearchives.esac.esa.int/data_raw/ROSETTA/NAVCAM/RO-C-NAVCAM-2-PRL-MTP004-V1.0/DATA/CAM1/ROS_CAM1_20140629T092547F.FIT
2409,http://imagearchives.esac.esa.int/data_raw/ROSETTA/NAVCAM/RO-C-NAVCAM-2-PRL-MTP004-V1.0/DATA/CAM1/ROS_CAM1_20140629T092747F.FIT
2410,http://imagearchives.esac.esa.int/data_raw/ROSETTA/NAVCAM/RO-C-NAVCAM-2-PRL-MTP004-V1.0/DATA/CAM1/ROS_CAM1_20140629T092947F.FIT
2411,http://imagearchives.esac.esa.int/data_raw/ROSETTA/NAVCAM/RO-C-NAVCAM-2-PRL-MTP004-V1.0/DATA/CAM1/ROS_CAM1_20140629T093148F.FIT
2412,http://imagearchives.esac.esa.int/data_raw/ROSETTA/NAVCAM/RO-C-NAVCAM-2-PRL-MTP004-V1.0/DATA/CAM1/ROS_CAM1_20140630T091852F.FIT
2413,http://imagearchives.esac.esa.int/data_raw/ROSETTA/NAVCAM/RO-C-NAVCAM-2-PRL-MTP004-V1.0/DATA/CAM1/ROS_CAM1_20140630T092051F.FIT
2414,http://imagearchives.esac.esa.int/data_raw/ROSETTA/NAVCAM/RO-C-NAVCAM-2-PRL-MTP004-V1.0/DATA/CAM1/ROS_CAM1_20140630T092251F.FIT
2415,http://imagearchives.esac.esa.int/data_raw/ROSETTA/NAVCAM/RO-C-NAVCAM-2-PRL-MTP004-V1.0/DATA/CAM1/ROS_CAM1_20140630T092451F.FIT
2416,http://imagearchives.esac.esa.int/data_raw/ROSETTA/NAVCAM/RO-C-NAVCAM-2-PRL-MTP004-V1.0/DATA/CAM1/ROS_CAM1_20140630T092652F.FIT
2417,http://imagearchives.esac.esa.int/data_raw/ROSETTA/NAVCAM/RO-C-NAVCAM-2-PRL-MTP004-V1.0/DATA/CAM1/ROS_CAM1_20140701T091357F.FIT
2418,http://imagearchives.esac.esa.int/data_raw/ROSETTA/NAVCAM/RO-C-NAVCAM-2-PRL-MTP004-V1.0/DATA/CAM1/ROS_CAM1_20140701T091556F.FIT
2419,http://imagearchives.esac.esa.int/data_raw/ROSETTA/NAVCAM/RO-C-NAVCAM-2-PRL-MTP004-V1.0/DATA/CAM1/ROS_CAM1_20140701T091756F.FIT
2420,http://imagearchives.esac.esa.int/data_raw/ROSETTA/NAVCAM/RO-C-NAVCAM-2-PRL-MTP004-V1.0/DATA/CAM1/ROS_CAM1_20140701T091956F.FIT
2421,http://imagearchives.esac.esa.int/data_raw/ROSETTA/NAVCAM/RO-C-NAVCAM-2-PRL-MTP004-V1.0/DATA/CAM1/ROS_CAM1_20140701T092157F.FIT
2422,http://imagearchives.esac.esa.int/data_raw/ROSETTA/NAVCAM/RO-C-NAVCAM-2-PRL-MTP004-V1.0/DATA/CAM1/ROS_CAM1_20140702T080902F.FIT
2423,http://imagearchives.esac.esa.int/data_raw/ROSETTA/NAVCAM/RO-C-NAVCAM-2-PRL-MTP004-V1.0/DATA/CAM1/ROS_CAM1_20140702T081101F.FIT
2424,http://imagearchives.esac.esa.int/data_raw/ROSETTA/NAVCAM/RO-C-NAVCAM-2-PRL-MTP004-V1.0/DATA/CAM1/ROS_CAM1_20140702T081301F.FIT
2425,http://imagearchives.esac.esa.int/data_raw/ROSETTA/NAVCAM/RO-C-NAVCAM-2-PRL-MTP004-V1.0/DATA/CAM1/ROS_CAM1_20140702T081501F.FIT
2426,http://imagearchives.esac.esa.int/data_raw/ROSETTA/NAVCAM/RO-C-NAVCAM-2-PRL-MTP004-V1.0/DATA/CAM1/ROS_CAM1_20140702T081702F.FIT
